<?xml version="1.0" encoding="UTF-8" standalone="yes"?>
<addon id="repository.mcdamo" name="mcdamo's Kodi Addon Repository" version="1.0.0" provider-name="mcdamo">
    <extension point="xbmc.addon.repository" name="mcdamo's Kodi Addon Repository">
        <dir>
            <info compressed="false">https://raw.githubusercontent.com/mcdamo/mcdamo-kodi-addons/master/repo/zips/addons.xml</info>
            <checksum>https://raw.githubusercontent.com/mcdamo/mcdamo-kodi-addons/master/repo/zips/addons.xml.md5</checksum>
            <datadir zip="true">https://raw.githubusercontent.com/mcdamo/mcdamo-kodi-addons/master/repo/zips/</datadir>
        </dir>
    </extension>
    <extension point="xbmc.addon.metadata">
        <summary>mcdamo's Kodi Addon Repository</summary>
        <description>mcdamo's Kodi Addons</description>
        <disclaimer></disclaimer>
        <platform>all</platform>
        <assets>
            <icon>icon.png</icon>
            <fanart>fanart.jpg</fanart>
        </assets>
    </extension>
</addon>
